<assembly xmlns="http://maven.apache.org/ASSEMBLY/2.2.0"
          xmlns:xsi="http://www.w3.org/2001/XMLSchema-instance"
          xsi:schemaLocation="http://maven.apache.org/ASSEMBLY/2.2.0 http://maven.apache.org/xsd/assembly-2.2.0.xsd">
    <id>openkoda-package</id>
    <formats>
        <format>zip</format>
    </formats>
    <includeBaseDirectory>false</includeBaseDirectory>
    <fileSets>
        <fileSet>
            <excludes>
                <exclude>${project.build.directory}/**</exclude>
                <exclude>.idea/**</exclude>
            </excludes>
        </fileSet>
    </fileSets>
</assembly>